

INSERT INTO project (id, name, repositoryUrl, stableBranch,  displayedBranches, featuresRootPath, documentationRootPath, variables) VALUES ( 'publisherSystems',      'publisher', 'http://gitlab.corp.kelkoo.net/syndication/thegardener-publisher-data.git', 'master', 'master', 'documentation', 'documentation', null);

INSERT INTO project (id, name, repositoryUrl, stableBranch , displayedBranches, featuresRootPath, documentationRootPath, variables) VALUES ( 'pmbo',                     'Publisher management BO', 'http://gitlab.corp.kelkoo.net/syndication/publisherManagementBO.git', 'qa', 'qa|master|feature.*|bugfix.*', 'test/features', 'documentation', null);
INSERT INTO project (id, name, repositoryUrl, stableBranch , displayedBranches, featuresRootPath, documentationRootPath, variables) VALUES ( 'pmws',                     'Publisher management WS', 'http://gitlab.corp.kelkoo.net/syndication/publisherManagementWS.git', 'qa', 'qa|master|feature.*|bugfix.*', 'test/features', 'doc', null);


INSERT INTO project (id, name, repositoryUrl, stableBranch,  displayedBranches, featuresRootPath, documentationRootPath, variables) VALUES ( 'shoppingAPI',              'Shopping API', 'http://gitlab.corp.kelkoo.net/syndication/shoppingApi.git', 'qa', 'qa|master|feature.*|bugfix.*', 'test/features', 'documentation', null);
INSERT INTO project (id, name, repositoryUrl, stableBranch,  displayedBranches, featuresRootPath, documentationRootPath, variables) VALUES ( 'leadService',              'Lead service', 'http://gitlab.corp.kelkoo.net/syndication/kls.git', 'qa', 'qa|master|feature.*|bugfix.*', 'test/features', 'documentation', null);
INSERT INTO project (id, name, repositoryUrl, stableBranch , displayedBranches, featuresRootPath, documentationRootPath, variables) VALUES ( 'kelkooUrl',                'Lead service urls', 'http://gitlab.corp.kelkoo.net/common/kelkooUrl.git', 'qa', 'qa|master|feature.*|bugfix.*', 'features/LeadService', 'documentation', null);
INSERT INTO project (id, name, repositoryUrl, stableBranch , displayedBranches, featuresRootPath, documentationRootPath, variables) VALUES ( 'feedService',    'Feed service', 'http://gitlab.corp.kelkoo.net/syndication/publisherFeedSparkApplication.git', 'qa', 'qa|master|feature.*|bugfix.*', 'features', 'doc', null);
INSERT INTO project (id, name, repositoryUrl, stableBranch , displayedBranches, featuresRootPath, documentationRootPath, variables) VALUES ( 'offerStatsWS',             'Offer stats WS', 'http://gitlab.corp.kelkoo.net/syndication/offerStatsWS.git', 'qa', 'qa|master|feature.*|bugfix.*', 'test/features', 'documentation', null);

INSERT INTO project (id, name, repositoryUrl, stableBranch , displayedBranches, featuresRootPath, documentationRootPath, variables) VALUES ( 'publisherExtranet',        'Publisher extranet', 'http://gitlab.corp.kelkoo.net/syndication/publisherExtranet.git', 'qa', 'qa|master|feature.*|bugfix.*', 'test/features', 'documentation', null);
INSERT INTO project (id, name, repositoryUrl, stableBranch , displayedBranches, featuresRootPath, documentationRootPath, variables) VALUES ( 'publisherExtranetDataAgg', 'Publisher extranet data aggregator', 'http://gitlab.corp.kelkoo.net/syndication/publisherExtranetDataAggregatorSparkApplication.git', 'qa', 'qa|master|feature.*|bugfix.*', 'src/test/features', 'documentation', null);


INSERT INTO project (id, name, repositoryUrl, stableBranch , displayedBranches, featuresRootPath, documentationRootPath, variables) VALUES ( 'merchantProcessing',                  'Merchant processing', 'http://gitlab.corp.kelkoo.net/merchant/merchantProcessing.git', 'qa', 'qa|master|feature.*|bugfix.*', 'test/features', 'documentation',null);
INSERT INTO project (id, name, repositoryUrl, stableBranch , displayedBranches, featuresRootPath, documentationRootPath, variables) VALUES ( 'merchantDatasetSparkApplications',    'Merchant dataset spark applications', 'http://gitlab.corp.kelkoo.net/merchant/merchantDatasetSparkApplications.git', 'qa', 'qa|master|feature.*|bugfix.*', 'src/test/features', 'documentation', null);
INSERT INTO project (id, name, repositoryUrl, stableBranch , displayedBranches, featuresRootPath, documentationRootPath, variables) VALUES ( 'csbSparkApplication',                 'CSB spark application', 'http://gitlab.corp.kelkoo.net/merchant/csbSparkApplication.git', 'qa', 'qa|master|feature.*|bugfix.*', 'src/test/features', 'documentation', null);
INSERT INTO project (id, name, repositoryUrl, stableBranch , displayedBranches, featuresRootPath, documentationRootPath, variables) VALUES ( 'contractWS',                          'Contract WS', 'http://gitlab.corp.kelkoo.net/merchant-contracts/contractWS.git', 'qa', 'qa|master|feature.*|bugfix.*', 'test/features', 'documentation', null);
INSERT INTO project (id, name, repositoryUrl, stableBranch , displayedBranches, featuresRootPath, documentationRootPath, variables) VALUES ( 'sscMerchantClient',                   'SSC merchant client', 'http://gitlab.corp.kelkoo.net/merchant/sscMerchantClient.git', 'qa', 'qa|master|feature.*|bugfix.*', 'src/test/features', 'documentation', null);
INSERT INTO project (id, name, repositoryUrl, stableBranch , displayedBranches, featuresRootPath, documentationRootPath, variables) VALUES ( 'merchantBO',                          'Merchant BO', 'http://gitlab.corp.kelkoo.net/merchant/merchantBO.git', 'qa', 'qa|master|feature.*|bugfix.*', 'test/features', 'documentation', null);
INSERT INTO project (id, name, repositoryUrl, stableBranch , displayedBranches, featuresRootPath, documentationRootPath, variables) VALUES ( 'merchantDataWS',                      'Merchant data WS', 'http://gitlab.corp.kelkoo.net/merchant/merchantDataWS.git', 'qa', 'qa|master|feature.*|bugfix.*', 'test/features', 'documentation', null);
INSERT INTO project (id, name, repositoryUrl, stableBranch , displayedBranches, featuresRootPath, documentationRootPath, variables) VALUES ( 'merchantRatecardWS',                  'Merchant rate card WS', 'http://gitlab.corp.kelkoo.net/merchant/merchantRatecardWS', 'qa', 'qa|master|feature.*|bugfix.*', 'test/features', 'documentation', null);
INSERT INTO project (id, name, repositoryUrl, stableBranch , displayedBranches, featuresRootPath, documentationRootPath, variables) VALUES ( 'merchantMappingWS',                   'Merchant mapping WS', 'http://gitlab.corp.kelkoo.net/merchant/merchantMappingWS.git', 'qa', 'qa|master|feature.*|bugfix.*', 'test/features', 'documentation', null);
INSERT INTO project (id, name, repositoryUrl, stableBranch , displayedBranches, featuresRootPath, documentationRootPath, variables) VALUES ( 'merchantdatahistoryws',               'Merchant data history WS', 'http://gitlab.corp.kelkoo.net/merchant/merchantdatahistoryws.git', 'qa', 'qa|master|feature.*|bugfix.*', 'test/features', 'documentation', null);
INSERT INTO project (id, name, repositoryUrl, stableBranch , displayedBranches, featuresRootPath, documentationRootPath, variables) VALUES ( 'customerWS',                          'Merchant customer WS', 'http://gitlab.corp.kelkoo.net/merchant/customerWS.git', 'qa', 'qa|master|feature.*|bugfix.*', 'test/features', 'documentation', null);
INSERT INTO project (id, name, repositoryUrl, stableBranch , displayedBranches, featuresRootPath, documentationRootPath, variables) VALUES ( 'budgetSparkApplication',              'Merchant budget spark application', 'http://gitlab.corp.kelkoo.net/caps/budgetSparkApplication.git', 'qa', 'qa|master|feature.*|bugfix.*', 'src/test/features', 'documentation', null);
INSERT INTO project (id, name, repositoryUrl, stableBranch , displayedBranches, featuresRootPath, documentationRootPath, variables) VALUES ( 'revenueCalculation',                  'Merchant revenue calculation', 'http://gitlab.corp.kelkoo.net/caps/revenueCalculation.git', 'qa', 'qa|master|feature.*|bugfix.*', 'src/test/features', 'documentation', null);
INSERT INTO project (id, name, repositoryUrl, stableBranch , displayedBranches, featuresRootPath, documentationRootPath, variables) VALUES ( 'merchantStatisticsSparkApplications', 'Merchant statistics spark applications', 'http://gitlab.corp.kelkoo.net/merchantStatistics/merchantStatisticsSparkApplications.git', 'qa', 'qa|master|feature.*|bugfix.*', 'src/test/scala/bdd/features', 'documentation', null);


INSERT INTO project (id, name, repositoryUrl, stableBranch , displayedBranches, featuresRootPath, documentationRootPath, variables) VALUES ( 'googleShoppingAdsBidderServices','PLA Bidder services', 'http://gitlab.corp.kelkoo.net/google-eu/googleShoppingAdsBidderServices.git', 'qa', 'qa|master|feature.*|bugfix.*', 'src/test/features', 'documentation', null);

INSERT INTO project (id, name, repositoryUrl, stableBranch , displayedBranches, featuresRootPath, documentationRootPath, variables) VALUES ( 'copGoogleExporter','COP Google Exporter', 'http://gitlab.corp.kelkoo.net/cop/copGoogleExporter.git', 'qa', 'qa|master|feature.*|bugfix.*', 'src/test/resources/features', 'documentation', null);


INSERT INTO project (id, name, repositoryUrl, stableBranch , displayedBranches, featuresRootPath, documentationRootPath, variables) VALUES ( 'fraudCheck','Fraud check', 'http://gitlab.corp.kelkoo.net/data-platform/fraudCheck.git', 'qa', 'qa|master|feature.*|bugfix.*', 'src/test/features', 'documentation', null);


INSERT INTO project (id, name, repositoryUrl, stableBranch , displayedBranches, featuresRootPath, documentationRootPath, variables) VALUES ( 'tacCalculation','Traffic acquisition cost calculation', 'http://gitlab.corp.kelkoo.net/data-platform/trafficAcquisitionCostCalculation.git', 'qa', 'qa|master|feature.*|bugfix.*', 'src/test/features', 'documentation', null);


INSERT INTO project (id, name, repositoryUrl, stableBranch, displayedBranches, featuresRootPath, documentationRootPath, variables) VALUES ('theGardener', 'theGardener', 'https://github.com/KelkooGroup/theGardener.git', 'master', 'master', 'test/features', 'documentation', null);



INSERT INTO thegardener.hierarchyNode (id, slugName, name, childrenLabel, childLabel, directoryPath) VALUES ('.', 'root', 'root', 'Views', 'View', null);
INSERT INTO thegardener.hierarchyNode (id, slugName, name, childrenLabel, childLabel, directoryPath) VALUES ('.01.', 'publisher', 'Publisher', 'System groups', 'System group', 'publisherSystems>master>/');
INSERT INTO thegardener.hierarchyNode (id, slugName, name, childrenLabel, childLabel, directoryPath) VALUES ('.02.', 'merchant', 'Merchant', 'Areas', 'Area', null);
INSERT INTO thegardener.hierarchyNode (id, slugName, name, childrenLabel, childLabel, directoryPath) VALUES ('.03.', 'gsa', 'GSA', 'Areas', 'Area', null);
INSERT INTO thegardener.hierarchyNode (id, slugName, name, childrenLabel, childLabel, directoryPath) VALUES ('.04.', 'cop', 'COP', 'Areas', 'Area', null);
INSERT INTO thegardener.hierarchyNode (id, slugName, name, childrenLabel, childLabel, directoryPath) VALUES ('.05.', 'kdp', 'KDP', 'Areas', 'Area', null);
INSERT INTO thegardener.hierarchyNode (id, slugName, name, childrenLabel, childLabel, directoryPath) VALUES ('.06.', 'tools', 'Tools', 'Projects', 'Project', null);


INSERT INTO thegardener.hierarchyNode (id, slugName, name, childrenLabel, childLabel, directoryPath) VALUES ('.01.01.', 'externalServices', 'Publisher external services', 'Projects', 'Project', null);
INSERT INTO thegardener.hierarchyNode (id, slugName, name, childrenLabel, childLabel, directoryPath) VALUES ('.01.02.', 'internalServices', 'Publisher internal services', 'Projects', 'Project', null);
INSERT INTO thegardener.hierarchyNode (id, slugName, name, childrenLabel, childLabel, directoryPath) VALUES ('.01.03.', 'extranet', 'Publisher extranet', 'Projects', 'Project', null);
INSERT INTO thegardener.hierarchyNode (id, slugName, name, childrenLabel, childLabel, directoryPath) VALUES ('.01.04.', 'mgt', 'Publisher management', 'Projects', 'Project', null);



INSERT INTO thegardener.project_hierarchyNode (projectId, hierarchyId) VALUES (  'shoppingAPI',             '.01.01.');
INSERT INTO thegardener.project_hierarchyNode (projectId, hierarchyId) VALUES (  'leadService',             '.01.01.');
INSERT INTO thegardener.project_hierarchyNode (projectId, hierarchyId) VALUES (  'kelkooUrl',               '.01.01.');
INSERT INTO thegardener.project_hierarchyNode (projectId, hierarchyId) VALUES (  'feedService',   '.01.01.');

INSERT INTO thegardener.project_hierarchyNode (projectId, hierarchyId) VALUES (  'offerStatsWS',            '.01.02.');


INSERT INTO thegardener.project_hierarchyNode (projectId, hierarchyId) VALUES (  'publisherExtranet',         '.01.03.');
INSERT INTO thegardener.project_hierarchyNode (projectId, hierarchyId) VALUES (  'publisherExtranetDataAgg',  '.01.03.');


INSERT INTO thegardener.project_hierarchyNode (projectId, hierarchyId) VALUES (  'pmbo', '.01.04.');
INSERT INTO thegardener.project_hierarchyNode (projectId, hierarchyId) VALUES (  'pmws', '.01.04.');


INSERT INTO thegardener.project_hierarchyNode (projectId, hierarchyId) VALUES (  'merchantProcessing',                   '.02.');
INSERT INTO thegardener.project_hierarchyNode (projectId, hierarchyId) VALUES (  'merchantDatasetSparkApplications',     '.02.');
INSERT INTO thegardener.project_hierarchyNode (projectId, hierarchyId) VALUES (  'csbSparkApplication',                  '.02.');
INSERT INTO thegardener.project_hierarchyNode (projectId, hierarchyId) VALUES (  'contractWS',                           '.02.');
INSERT INTO thegardener.project_hierarchyNode (projectId, hierarchyId) VALUES (  'sscMerchantClient',                    '.02.');
INSERT INTO thegardener.project_hierarchyNode (projectId, hierarchyId) VALUES (  'merchantBO',                           '.02.');
INSERT INTO thegardener.project_hierarchyNode (projectId, hierarchyId) VALUES (  'merchantDataWS',                       '.02.');
INSERT INTO thegardener.project_hierarchyNode (projectId, hierarchyId) VALUES (  'merchantRatecardWS',                   '.02.');
INSERT INTO thegardener.project_hierarchyNode (projectId, hierarchyId) VALUES (  'merchantMappingWS',                    '.02.');
INSERT INTO thegardener.project_hierarchyNode (projectId, hierarchyId) VALUES (  'merchantdatahistoryws',                '.02.');
INSERT INTO thegardener.project_hierarchyNode (projectId, hierarchyId) VALUES (  'customerWS',                           '.02.');
INSERT INTO thegardener.project_hierarchyNode (projectId, hierarchyId) VALUES (  'budgetSparkApplication',               '.02.');
INSERT INTO thegardener.project_hierarchyNode (projectId, hierarchyId) VALUES (  'revenueCalculation',                   '.02.');


INSERT INTO thegardener.project_hierarchyNode (projectId, hierarchyId) VALUES (    'googleShoppingAdsBidderServices',           '.03.');

INSERT INTO thegardener.project_hierarchyNode (projectId, hierarchyId) VALUES (     'copGoogleExporter',          '.04.');

INSERT INTO thegardener.project_hierarchyNode (projectId, hierarchyId) VALUES (     'fraudCheck',              '.05.');
INSERT INTO thegardener.project_hierarchyNode (projectId, hierarchyId) VALUES (     'tacCalculation',          '.05.');

INSERT INTO thegardener.project_hierarchyNode (projectId, hierarchyId) VALUES ('theGardener', '.06.');